ID,Card,Rarity,Pack,Aidan,Action,,Megan,Action,,AJ,Action,,Roan,Action,,Abby,Action
1,Bulbasaur,1d,GA,6,4,,2,1,,6,4,,0,0,,1,0
2,Ivysaur,2d,GA,3,1,,1,0,,0,0,,0,0,,0,0
3,Venusaur,3d,GA,2,0,,0,0,,1,0,,0,0,,0,0
4,Vensuaur Ex,4d,GA,0,0,,1,0,,1,0,,0,0,,1,0
5,Caterpie,1d,GA,3,1,,3,1,,2,0,,0,0,,0,0
6,Metapod,1d,GA,3,1,,1,0,,2,0,,0,0,,0,0
7,Butterfree,3d,GA,1,0,,1,0,,0,0,,0,0,,0,0
8,Weedle,1d,GA,5,3,,2,1,,2,0,,0,0,,0,0
9,Kakuna,1d,GA,1,0,,2,1,,0,0,,0,0,,0,0
10,Beedril,3d,GA,2,0,,1,0,,0,0,,0,0,,0,0
11,Oddish,1d,GA,5,3,,2,1,,1,0,,0,0,,1,0
12,Gloom,2d,GA,4,2,,1,0,,1,0,,0,0,,0,0
13,Vileplum,3d,GA,1,0,,0,0,,0,0,,0,0,,0,0
14,Paras,1d,GA,4,2,,6,4,,5,3,,0,0,,0,0
15,Parasect,2d,GA,2,0,,1,0,,1,0,,0,0,,1,0
16,Venonat,1d,GA,2,0,,0,0,,0,0,,0,0,,0,0
17,Venomoth,2d,GA,3,1,,2,4,,0,0,,0,0,,0,0
18,Bellsprout,1d,GA,1,0,,1,0,,1,0,,0,0,,0,0
19,Weepinbell,2d,GA,1,0,,3,1,,1,0,,0,0,,0,0
20,Victreebell,3d,GA,2,0,,1,0,,0,0,,0,0,,0,0
21,Exeggcute,1d,GA,5,3,,1,0,,3,1,,0,0,,2,0
22,Exeggutor,3d,GA,1,0,,0,0,,0,0,,0,0,,0,0
23,Exeggutor ex,4d,GA,2,0,,0,0,,1,0,,0,0,,0,0
24,Tangela,1d,GA,3,1,,3,1,,2,0,,0,0,,0,0
25,Scyther,1d,GA,1,0,,4,2,,3,1,,0,0,,0,0
26,Pinsir,2d,GA,4,2,,6,4,,4,2,,0,0,,0,0
27,Cottonee,1d,GA,5,3,,9,7,,6,4,,0,0,,2,0
28,Whimsicott,2d,GA,8,6,,3,1,,4,2,,0,0,,0,0
29,Peitlil,1d,GA,5,3,,9,7,,4,2,,0,0,,3,1
30,Lilligant,2d,GA,6,4,,2,1,,5,3,,0,0,,0,0
31,Skiddo,1d,GA,5,3,,4,2,,2,0,,0,0,,0,0
32,Gogoat,1d,GA,3,1,,4,2,,1,0,,0,0,,0,0
33,Charmander,1d,GA,4,2,,5,3,,2,0,,0,0,,0,0
34,Charmeleon,2d,GA,2,0,,1,0,,0,0,,0,0,,0,0
35,Charizard,3d,GA,1,0,,0,0,,1,0,,0,0,,0,0
36,Charizard Ex,4d,GA,1,0,,1,0,,1,0,,0,0,,0,0
37,Vulpix,1d,GA,3,1,,1,0,,1,0,,0,0,,0,0
38,Ninetales,2d,GA,1,0,,1,0,,5,3,,0,0,,0,0
39,Growlithe,1d,GA,4,2,,5,3,,5,3,,0,0,,0,0
40,Arcanine,3d,GA,1,0,,1,0,,0,0,,0,0,,0,0
41,Arcanine Ex,4d,GA,1,0,,2,0,,0,0,,0,0,,1,0
42,Ponyta,1d,GA,6,4,,9,7,,7,5,,0,0,,2,0
43,Rapidash ,2d,GA,4,2,,5,3,,4,2,,0,0,,0,0
44,Magmar,1d,GA,4,2,,4,2,,0,0,,0,0,,1,0
45,Flareon,3d,GA,1,0,,0,0,,0,0,,0,0,,0,0
46,Moltres,3d,GA,2,0,,2,1,,0,0,,0,0,,0,0
47,Moltres Ex,4d,GA,0,0,,0,0,,0,0,,0,0,,0,0
48,Heatmor,1d,GA,10,8,,12,10,,10,8,,0,0,,4,2
49,Salandit,1d,GA,2,0,,2,1,,1,0,,0,0,,0,0
50,Salazzle,1d,GA,4,2,,3,1,,2,0,,0,0,,0,0
51,Sizzlipede,1d,GA,5,3,,12,10,,5,3,,0,0,,0,0
52,Centiskorch,2d,GA,4,2,,7,5,,5,3,,0,0,,1,0
53,Squirtle,1d,GA,7,5,,4,2,,5,3,,0,0,,0,0
54,Wartortle,2d,GA,1,0,,2,2,,2,0,,0,0,,0,0
55,Blastoise,3d,GA,0,0,,1,0,,1,0,,0,0,,0,0
56,Blastoise Ex,4d,GA,1,0,,1,0,,1,0,,0,0,,0,0
57,Psyduck,1d,GA,6,4,,6,4,,5,3,,0,0,,1,0
58,Golduck,2d,GA,5,3,,4,2,,4,2,,0,0,,0,0
59,Poliwag,1d,GA,4,2,,3,1,,0,0,,0,0,,0,0
60,Poliwhirl,2d,GA,4,2,,1,0,,1,0,,0,0,,0,0
61,Poliwrath,3d,GA,0,0,,0,0,,0,0,,0,0,,0,0
62,Tentacool,1d,GA,2,0,,2,1,,7,5,,0,0,,0,0
63,Tentacruel,2d,GA,3,1,,1,0,,0,0,,0,0,,0,0
64,Seel,1d,GA,4,2,,3,1,,7,5,,0,0,,0,0
65,Dewgong,2d,GA,2,0,,3,1,,2,0,,0,0,,0,0
66,Shellder,1d,GA,5,3,,3,1,,2,0,,0,0,,1,0
67,Cloyster,2d,GA,3,1,,1,0,,1,0,,0,0,,0,0
68,Krabby,1d,GA,2,0,,3,1,,1,0,,0,0,,0,0
69,Kingler,2d,GA,4,2,,3,1,,0,0,,0,0,,0,0
70,Horsea,1d,GA,4,2,,3,2,,4,2,,0,0,,0,0
71,Seadra,2d,GA,4,2,,1,0,,4,2,,0,0,,1,0
72,Goldeen,1d,GA,6,4,,6,4,,3,1,,0,0,,1,0
73,Seaking,1d,GA,6,4,,2,1,,4,2,,0,0,,0,0
74,Staryu,1d,GA,4,2,,2,1,,3,1,,0,0,,0,0
75,Starmie,2d,GA,3,1,,0,0,,1,0,,0,0,,0,0
76,Starmie Ex,4d,GA,3,1,,1,0,,2,0,,0,0,,1,0
77,Magikarp,1d,GA,3,1,,0,0,,4,2,,0,0,,0,0
78,Gyarados,3d,GA,1,0,,0,0,,1,0,,0,0,,0,0
79,Lapras,3d,GA,1,0,,1,0,,1,0,,0,0,,0,0
80,Vaporeon,3d,GA,0,0,,0,0,,0,0,,0,0,,0,0
81,Omanyte,2d,GA,3,1,,0,0,,1,0,,0,0,,0,0
82,Omastar,3d,GA,2,0,,1,0,,2,0,,0,0,,0,0
83,Articuno,3d,GA,1,0,,0,0,,0,0,,0,0,,0,0
84,Articuno Ex,4d,GA,2,0,,1,0,,0,0,,0,0,,0,0
85,Ducklett,1d,GA,3,1,,2,1,,1,0,,0,0,,2,0
86,Swanna,2d,GA,3,1,,2,1,,0,0,,0,0,,0,0
87,Froakie,1d,GA,3,1,,4,2,,0,0,,0,0,,0,0
88,Frogadier,2d,GA,2,0,,2,0,,1,0,,0,0,,0,0
89,Greninja,3d,GA,0,0,,1,0,,0,0,,0,0,,0,0
90,Pyukumuku,1d,GA,4,2,,4,2,,2,0,,0,0,,0,0
91,Bruxish,2d,GA,3,1,,3,1,,0,0,,0,0,,0,0
92,Snom,1d,GA,3,1,,7,5,,5,3,,0,0,,0,0
93,Frosmoth,2d,GA,6,4,,2,1,,4,2,,0,0,,0,0
94,Pikachu,1d,GA,4,2,,6,4,,3,1,,0,0,,0,0
95,Raichu,3d,GA,0,0,,1,0,,0,0,,0,0,,0,0
96,Pikachu Ex,4d,GA,3,1,,1,0,,1,0,,0,0,,0,0
97,Magnemite,1d,GA,2,0,,2,1,,4,2,,0,0,,0,0
98,Magneton,3d,GA,1,0,,2,1,,1,0,,0,0,,0,0
99,Voltorb,1d,GA,6,4,,1,0,,1,0,,0,0,,0,0
100,Electrode,2d,GA,4,2,,5,3,,1,0,,0,0,,0,0
101,Electabuzz,1d,GA,8,6,,1,0,,1,0,,0,0,,0,0
102,Jolteon,3d,GA,2,0,,1,0,,0,0,,0,0,,0,0
103,Zapados,3d,GA,0,0,,1,0,,1,0,,0,0,,0,0
104,Zapados Ex,4d,GA,3,1,,2,1,,0,0,,0,0,,0,0
105,Blitzle,1d,GA,8,6,,8,6,,2,0,,0,0,,2,0
106,Zebstrika,2d,GA,6,4,,7,5,,2,0,,0,0,,0,0
107,Tynamo,1d,GA,4,2,,4,0,,2,0,,0,0,,1,0
108,Elektrik,2d,GA,1,0,,3,1,,1,0,,0,0,,0,0
109,Elektross,3d,GA,0,0,,1,0,,0,0,,0,0,,0,0
110,Heloptile,1d,GA,9,7,,7,5,,2,0,,0,0,,2,0
111,Heliolisk,1d,GA,7,5,,8,6,,2,0,,0,0,,3,1
112,Pincurchin,2d,GA,2,0,,7,5,,4,2,,0,0,,0,0
113,Clefairy,1d,GA,7,5,,3,1,,5,3,,0,0,,0,0
114,Clefable,2d,GA,1,0,,1,0,,1,0,,0,0,,0,0
115,Abra,1d,GA,3,1,,2,1,,1,0,,0,0,,0,0
116,Kadabra,2d,GA,1,0,,2,1,,1,0,,0,0,,0,0
117,Alakazam,3d,GA,0,0,,0,0,,0,0,,0,0,,0,0
118,Slowpoke,1d,GA,7,5,,8,6,,7,5,,0,0,,2,0
119,Slowbro,2d,GA,6,4,,6,4,,5,3,,0,0,,0,0
120,Gastly,1d,GA,4,2,,1,0,,1,0,,0,0,,0,0
121,Haunter,2d,GA,3,1,,2,1,,0,0,,0,0,,0,0
122,Gengar,3d,GA,2,0,,1,0,,1,0,,0,0,,0,0
123,Gengar Ex,4d,GA,0,0,,2,1,,0,0,,0,0,,0,0
124,Drowzee,1d,GA,4,2,,6,4,,3,1,,0,0,,0,0
125,Hypno,3d,GA,4,2,,1,0,,1,0,,0,0,,0,0
126,Mr. Mime ,2d,GA,3,1,,4,1,,1,0,,0,0,,0,0
127,Jynx,1d,GA,4,2,,0,0,,3,1,,0,0,,0,0
128,Mewtwo,3d,GA,0,0,,1,0,,1,0,,0,0,,0,0
129,Mewtwo Ex,4d,GA,1,0,,0,,,0,0,,0,0,,0,0
130,Ralts,1d,GA,2,0,,2,1,,0,0,,0,0,,1,0
131,Kirlia,2d,GA,3,1,,5,3,,1,0,,0,0,,0,0
132,Gardevoir,3d,GA,2,0,,1,0,,1,0,,0,0,,0,0
133,Woobat,1d,GA,7,5,,9,7,,7,5,,0,0,,1,0
134,Swoobat,1d,GA,7,5,,4,2,,9,7,,0,0,,1,0
135,Golett,1d,GA,5,3,,6,4,,9,7,,0,0,,2,0
136,Golurk,2d,GA,5,3,,2,1,,2,0,,0,0,,0,0
137,Sandshrew,1d,GA,5,3,,7,5,,7,5,,0,0,,4,2
138,Sandslash,2d,GA,7,5,,5,3,,11,9,,0,0,,0,0
139,Diglett,1d,GA,3,1,,3,1,,2,0,,0,0,,1,0
140,Dugtrio,2d,GA,6,4,,3,1,,2,0,,0,0,,0,0
141,Mankey,1d,GA,2,0,,1,0,,0,0,,0,0,,0,0
142,Primeape,2d,GA,2,0,,1,0,,1,0,,0,0,,0,0
143,Machop,1d,GA,2,0,,3,1,,0,0,,0,0,,0,0
144,Machoke,2d,GA,1,0,,1,0,,0,0,,0,0,,0,0
145,Machamp,3d,GA,1,0,,1,0,,1,0,,0,0,,0,0
146,Machamp Ex,4d,GA,2,0,,3,2,,1,0,,0,0,,2,0
147,Geodude,1d,GA,6,4,,4,2,,4,2,,0,0,,0,0
148,Graveler,2d,GA,4,2,,3,,,4,2,,0,0,,0,0
149,Golem,3d,GA,0,0,,1,0,,1,0,,0,0,,0,0
150,Onix,2d,GA,4,2,,3,1,,4,2,,0,0,,0,0
151,Cubone,1d,GA,5,3,,3,1,,3,1,,0,0,,2,0
152,Marowak,2d,GA,1,0,,1,0,,1,0,,0,0,,0,0
153,Marowak Ex,4d,GA,4,2,,0,0,,0,0,,0,0,,2,0
154,Hitmonlee,1d,GA,2,0,,0,0,,3,1,,0,0,,0,0
155,Hitmonchan,1d,GA,4,2,,2,1,,3,1,,0,0,,1,0
156,Rhyhorn ,1d,GA,5,3,,0,0,,1,0,,0,0,,1,0
157,Rhydon,2d,GA,1,0,,1,0,,0,0,,0,0,,0,0
158,Kabuto,2d,GA,4,2,,3,1,,1,0,,0,0,,0,0
159,Kabutops,3d,GA,1,0,,0,0,,1,0,,0,0,,0,0
160,Mienfoo,1d,GA,4,2,,4,2,,3,1,,0,0,,3,1
161,Mienshao,2d,GA,3,1,,5,3,,3,1,,0,0,,0,0
162,Clobbopus,1d,GA,2,0,,8,6,,6,4,,0,0,,1,0
163,Grappclot,2d,GA,4,2,,6,4,,4,2,,0,0,,0,0
164,Ekans,1d,GA,6,4,,7,5,,5,3,,0,0,,1,0
165,Arbok,2d,GA,4,2,,13,11,,5,3,,0,0,,0,0
166,Nidoran,1d,GA,2,0,,3,,,4,2,,0,0,,1,0
167,Nidorina,2d,GA,0,0,,1,0,,1,0,,0,0,,0,0
168,Nidoqueen,3d,GA,3,1,,2,1,,0,0,,0,0,,0,0
169,Nidoran,1d,GA,4,2,,5,3,,4,2,,0,0,,0,0
170,Nidornio,2d,GA,3,1,,1,0,,2,0,,0,0,,0,0
171,Nidoking,3d,GA,3,1,,2,1,,0,0,,0,0,,0,0
172,Zubat,1d,GA,3,1,,9,7,,2,0,,0,0,,0,0
173,Golbat,2d,GA,2,0,,1,0,,1,0,,0,0,,0,0
174,Grimer,1d,GA,3,1,,2,1,,1,0,,0,0,,0,0
175,Muk,3d,GA,0,0,,1,0,,0,0,,0,0,,0,0
176,Koffing,1d,GA,5,3,,3,1,,1,0,,0,0,,0,0
177,Weezing,3d,GA,2,0,,0,0,,0,0,,0,0,,0,0
178,Mawile,1d,GA,3,1,,0,0,,4,2,,0,0,,1,0
179,Pawniard,1d,GA,5,3,,7,5,,7,5,,0,0,,2,0
180,Bisharp,2d,GA,5,3,,8,6,,3,1,,0,0,,0,0
181,Meltan,1d,GA,4,2,,2,1,,0,0,,0,0,,0,0
182,Melmetal,3d,GA,1,0,,1,0,,1,0,,0,0,,0,0
183,Dratini,1d,GA,3,1,,3,1,,0,0,,0,0,,1,0
184,Dragonair,2d,GA,2,0,,3,1,,2,0,,0,0,,0,0
185,Dragonite,3d,GA,2,0,,0,,,2,0,,0,0,,2,0
186,Pidgey,1d,GA,5,3,,3,1,,1,0,,0,0,,2,0
187,Pidgeotto,1d,GA,2,0,,3,1,,1,0,,0,0,,0,0
188,Pidgeot,3d,GA,1,0,,3,1,,1,0,,0,0,,0,0
189,Rattata,1d,GA,8,6,,10,8,,4,2,,0,0,,2,0
190,Raticate,1d,GA,4,2,,7,5,,4,2,,0,0,,1,0
191,Spearow,1d,GA,2,0,,2,1,,0,0,,0,0,,0,0
192,Fearow,1d,GA,2,0,,4,2,,3,1,,0,0,,0,0
193,Jigglypuff,1d,GA,6,4,,3,1,,3,1,,0,0,,1,0
194,Wigglytuff,1d,GA,7,5,,3,1,,2,0,,0,0,,0,0
195,Wigglytuff ex,4d,GA,3,1,,1,0,,1,0,,0,0,,0,0
196,Meowth,1d,GA,4,2,,3,1,,2,0,,0,0,,0,0
197,Persian,2d,GA,4,2,,1,0,,1,0,,0,0,,0,0
198,Farfetch'd,1d,GA,3,1,,4,2,,2,0,,0,0,,1,0
199,Doduo,1d,GA,9,7,,7,4,,7,5,,0,0,,0,0
200,Dodrio,2d,GA,3,1,,3,1,,3,1,,0,0,,0,0
201,Lickitung,2d,GA,4,2,,4,2,,1,0,,0,0,,0,0
202,Chansey,2d,GA,2,0,,0,0,,3,1,,0,0,,0,0
203,Kangaskhan,3d,GA,0,0,,0,0,,0,0,,0,0,,0,0
204,Tauros,2d,GA,3,1,,3,1,,2,0,,0,0,,0,0
205,Ditto,3d,GA,1,0,,1,0,,0,0,,0,0,,0,0
206,Eevee,1d,GA,3,1,,3,1,,4,2,,0,0,,1,0
207,Eevee,1d,GA,3,1,,3,1,,2,0,,0,0,,2,0
208,Eevee,1d,GA,6,4,,0,0,,3,1,,0,0,,0,0
209,Porygon,2d,GA,1,0,,0,0,,0,0,,0,0,,0,0
210,Aerodactyl,3d,GA,0,0,,0,0,,2,0,,0,0,,0,0
211,Snorlax,3d,GA,1,0,,2,1,,0,0,,0,0,,0,0
212,Minccino,1d,GA,5,3,,10,8,,6,4,,0,0,,0,0
213,Cinccino,2d,GA,9,7,,10,8,,7,5,,0,0,,0,0
214,Wooloo,1d,GA,5,3,,4,2,,3,1,,0,0,,2,0
215,Dubwoool,1d,GA,7,5,,7,5,,3,1,,0,0,,1,0
216,Helix Fossil,1d,GA,5,3,,0,0,,2,0,,0,0,,0,0
217,Dome Fossil,1d,GA,4,2,,3,1,,0,0,,0,0,,0,0
218,Old Amber,1d,GA,4,2,,10,0,,9,7,,0,0,,0,0
219,Erika,2d,GA,2,0,,1,0,,1,0,,0,0,,0,0
220,Misty,2d,GA,5,3,,1,0,,2,0,,0,0,,0,0
221,Blaine,2d,GA,3,1,,2,1,,0,0,,0,0,,0,0
222,Koga,2d,GA,3,1,,3,1,,0,0,,0,0,,0,0
223,Giovanni,2d,GA,3,1,,2,0,,1,0,,0,0,,0,0
224,Brock,2d,GA,3,1,,4,2,,1,0,,0,0,,0,0
225,Sabrina,2d,GA,3,1,,1,0,,1,0,,0,0,,0,0
226,Lt. Surge,2d,GA,0,0,,2,0,,6,4,,0,0,,0,0
227,Bulbasaur,1s,GA,2,0,,1,0,,1,0,,0,0,,1,0
228,Gloom,1s,GA,0,0,,0,0,,0,0,,0,0,,0,0
229,Pinsir,1s,GA,1,0,,2,1,,0,0,,0,0,,0,0
230,Charmander,1s,GA,1,0,,0,0,,1,0,,0,0,,1,0
231,Rapidash ,1s,GA,0,0,,0,0,,0,0,,0,0,,0,0
232,Squirtle,1s,GA,2,0,,2,1,,1,0,,0,0,,0,0
233,Gyarados,1s,GA,1,0,,1,0,,0,0,,0,0,,0,0
234,Lapras,1s,GA,2,0,,0,0,,0,0,,0,0,,0,0
235,Electrode,1s,GA,2,0,,2,1,,3,1,,0,0,,0,0
236,Alakazam,1s,GA,0,0,,1,0,,0,0,,0,0,,0,0
237,Slowpoke,1s,GA,1,0,,1,0,,0,0,,0,0,,0,0
238,Diglett,1s,GA,2,0,,0,0,,2,0,,0,0,,0,0
239,Cubone,1s,GA,1,0,,2,1,,0,0,,0,0,,0,0
240,Nidoqueen,1s,GA,2,0,,1,0,,0,0,,0,0,,0,0
241,Nidoking,1s,GA,3,1,,2,1,,0,0,,0,0,,0,0
242,Golbat,1s,GA,1,0,,0,0,,1,0,,0,0,,0,0
243,Weezing,1s,GA,1,0,,0,0,,1,0,,0,0,,0,0
244,Dragonite,1s,GA,2,0,,1,0,,0,0,,0,0,,0,0
245,Pidgeot,1s,GA,1,0,,0,0,,0,0,,0,0,,0,0
246,Meowth,1s,GA,2,0,,0,0,,2,0,,0,0,,0,0
247,Ditto,1s,GA,1,0,,0,0,,0,0,,0,0,,0,0
248,Eevee,1s,GA,1,0,,0,0,,0,0,,0,0,,1,0
249,Porygon,1s,GA,1,0,,1,0,,0,0,,0,0,,0,0
250,Snorlax,1s,GA,0,0,,1,0,,2,0,,0,0,,0,0
251,Venusaur ex,2s,GA,2,0,,0,0,,0,0,,0,0,,0,0
252,Exeggutor ex,2s,GA,0,0,,0,0,,0,0,,0,0,,0,0
253,Charizard ex,2s,GA,0,0,,0,0,,0,0,,0,0,,0,0
254,Arcanine ex,2s,GA,0,0,,0,0,,0,0,,0,0,,0,0
255,Moltres ex,2s,GA,1,0,,1,0,,0,0,,0,0,,0,0
256,Blastoise ex,2s,GA,0,0,,1,0,,0,0,,0,0,,0,0
257,Starmie ex,2s,GA,0,0,,1,0,,0,0,,1,0,,0,0
258,Articuno ex,2s,GA,1,0,,0,0,,0,0,,0,0,,0,0
259,Pikachu ex,2s,GA,0,0,,0,0,,0,0,,0,0,,0,0
260,Zapdos ex,2s,GA,0,0,,0,0,,0,0,,0,0,,0,0
261,Gengar ex,2s,GA,0,0,,0,0,,0,0,,0,0,,0,0
262,Mewtwo ex,2s,GA,0,0,,0,0,,0,0,,0,0,,0,0
263,Machamp ex,2s,GA,0,0,,0,0,,0,0,,0,0,,0,0
264,Marowak ex,2s,GA,0,0,,0,0,,0,0,,0,0,,0,0
265,Wigglytuff ex,2s,GA,0,0,,1,0,,0,0,,0,0,,0,0
266,Erika,2s,GA,1,0,,0,0,,0,0,,0,0,,0,0
267,Misty,2s,GA,0,0,,0,0,,0,0,,0,0,,0,0
268,Blaine,2s,GA,0,0,,0,0,,0,0,,0,0,,0,0
269,Koga,2s,GA,0,0,,0,0,,0,0,,0,0,,0,0
270,Giovanni,2s,GA,0,0,,0,0,,0,0,,0,0,,0,0
271,Brock,2s,GA,0,0,,0,0,,0,0,,0,0,,0,0
272,Sabrina,2s,GA,0,0,,0,0,,0,0,,0,0,,0,0
273,Lt. Surge,2s,GA,0,0,,0,0,,0,0,,0,0,,0,0
274,Moltres ex,2s,GA,0,0,,0,0,,0,0,,0,0,,0,0
275,Articuno ex,2s,GA,0,0,,0,0,,0,0,,0,0,,0,0
276,Zapdos ex,2s,GA,0,0,,0,0,,0,0,,0,0,,0,0
277,Gengar ex,2s,GA,1,0,,0,0,,0,0,,0,0,,0,0
278,Machamp ex,2s,GA,0,0,,0,0,,0,0,,0,0,,0,0
279,Wigglytuff ex,2s,GA,0,0,,0,0,,0,0,,0,0,,0,0
280,Charizard ex,3s,GA,1,0,,0,0,,0,0,,0,0,,0,0
281,Pikachu ex,3s,GA,0,0,,1,0,,1,0,,0,0,,0,0
282,Mewtwo ex,3s,GA,0,0,,0,0,,0,0,,0,0,,0,0
283,I think this is a secret mew for completing pokedex,,GA,0,0,,0,,,0,0,,0,0,,0,0
284,Charizard ex,1c,GA,1,0,,1,0,,0,0,,0,0,,0,0
285,Pikachu ex,1c,GA,0,0,,0,0,,0,0,,0,0,,0,0
286,Mewtwo ex,1c,GA,0,0,,0,0,,0,0,,0,0,,0,0
,,,,,,,,,,,,,,,,,
1,Exeggcute,1d,MI,4,2,,6,4,,0,0,,0,0,,0,0
2,Exeggutor,2d,MI,2,0,,6,4,,0,0,,0,0,,0,0
3,Celebi ex,4d,MI,1,0,,1,0,,0,0,,0,0,,0,0
4,Snivy,1d,MI,3,1,,6,4,,0,0,,0,0,,0,0
5,Servine,2d,MI,3,1,,2,1,,0,0,,0,0,,0,0
6,Serperior,3d,MI,2,0,,2,1,,0,0,,0,0,,0,0
7,Morelull,1d,MI,4,2,,4,2,,0,0,,0,0,,0,0
8,Shiinotix,2d,MI,2,0,,2,1,,0,0,,0,0,,0,0
9,Dhelmise,2d,MI,2,0,,5,3,,0,0,,0,0,,0,0
10,Ponyta,1d,MI,2,0,,9,7,,0,0,,0,0,,0,0
11,Rapidash,2d,MI,3,1,,10,8,,0,0,,0,0,,0,0
12,Magmar,2d,MI,4,2,,4,2,,0,0,,0,0,,0,0
13,Larvesta,1d,MI,5,3,,7,5,,0,0,,0,0,,1,0
14,Volcarona,3d,MI,2,0,,1,0,,0,0,,0,0,,0,0
15,Salandit,1d,MI,2,0,,8,6,,0,0,,0,0,,0,0
16,Salazzle,1d,MI,2,0,,6,4,,0,0,,0,0,,0,0
17,Magikarp,1d,MI,2,0,,9,7,,0,0,,0,0,,0,0
18,Gyarados ex,4d,MI,2,0,,3,1,,0,0,,0,0,,0,0
19,Vaporeon,3d,MI,3,1,,3,1,,0,0,,0,0,,0,0
20,Finneon,1d,MI,4,2,,1,0,,0,0,,0,0,,0,0
21,Lumineon,2d,MI,4,2,,5,3,,0,0,,0,0,,0,0
22,Chewtle,1d,MI,2,0,,2,1,,0,0,,0,0,,0,0
23,Drednaw,2d,MI,2,0,,1,0,,0,0,,0,0,,0,0
24,Cramorant,1d,MI,5,3,,6,4,,0,0,,0,0,,2,0
25,Pikachu,1d,MI,4,2,,6,4,,0,0,,0,0,,0,0
26,Raichu,3d,MI,2,0,,5,3,,0,0,,0,0,,0,0
27,Elextabuzz,2d,MI,4,2,,5,3,,0,0,,0,0,,0,0
28,Joltik,1d,MI,4,2,,13,11,,0,0,,0,0,,0,0
29,Galvantuala,2d,MI,2,0,,5,3,,0,0,,0,0,,0,0
30,Dedene,1d,MI,2,0,,7,5,,0,0,,0,0,,0,0
31,Mew,3d,MI,0,0,,4,2,,0,0,,0,0,,0,0
32,Mew ex,4d,MI,3,1,,2,1,,0,0,,0,0,,0,0
33,Sigilyph,2d,MI,3,1,,4,2,,0,0,,0,0,,0,0
34,Elgyem,1d,MI,3,1,,5,3,,0,0,,0,0,,0,0
35,Beheeyem,2d,MI,1,0,,0,0,,0,0,,0,0,,0,0
36,Flabebe,1d,MI,6,4,,13,11,,0,0,,0,0,,0,0
37,Floette,1d,MI,1,0,,8,6,,0,0,,0,0,,0,0
38,Florges,2d,MI,2,0,,6,4,,0,0,,0,0,,0,0
39,Swirlix,1d,MI,4,2,,5,3,,0,0,,0,0,,1,0
40,Slurpuff,1d,MI,6,4,,2,1,,0,0,,0,0,,0,0
41,Mankey,1d,MI,1,0,,14,12,,0,0,,0,0,,0,0
42,Primeape,1d,MI,4,2,,9,7,,0,0,,0,0,,0,0
43,Geodude,1d,MI,1,0,,6,4,,0,0,,0,0,,0,0
44,Graveler,2d,MI,3,1,,4,2,,0,0,,0,0,,0,0
45,Golem,3d,MI,2,0,,3,1,,0,0,,0,0,,0,0
46,Aerodactyl ex,4d,MI,0,0,,1,0,,0,0,,0,0,,0,0
47,Marshadow,3d,MI,1,0,,7,5,,0,0,,0,0,,0,0
48,Stonjourner,2d,MI,5,3,,5,3,,0,0,,0,0,,0,0
49,Koffing,1d,MI,3,1,,8,6,,0,0,,0,0,,0,0
50,Weezing,2d,MI,4,2,,4,2,,0,0,,0,0,,0,0
51,Purrloin,1d,MI,3,1,,6,4,,0,0,,0,0,,0,0
52,Liepard,1d,MI,2,0,,8,6,,0,0,,0,0,,0,0
53,Venipede,1d,MI,3,1,,8,6,,0,0,,0,0,,0,0
54,Whirlpede,1d,MI,2,0,,5,3,,0,0,,0,0,,0,0
55,Scolipede,2d,MI,2,0,,7,5,,0,0,,0,0,,0,0
56,Duddigon,2d,MI,4,2,,5,3,,0,0,,0,0,,0,0
57,Pidgey,1d,MI,2,0,,9,7,,0,0,,0,0,,0,0
58,Pidgeotto,1d,MI,4,2,,10,8,,0,0,,0,0,,0,0
59,Pidgeot ex,4d,MI,0,0,,2,1,,0,0,,0,0,,0,0
60,Tauros,3d,MI,1,0,,0,0,,0,0,,0,0,,0,0
61,Eevee,1d,MI,3,1,,7,5,,0,0,,0,0,,0,0
62,Chatot,1d,MI,3,1,,5,3,,0,0,,0,0,,0,0
63,Old Amber,1d,MI,4,2,,10,8,,0,0,,0,0,,0,0
64,Pokemon Flute,2d,MI,2,0,,3,1,,0,0,,0,0,,0,0
65,Mythical Slab,2d,MI,1,0,,8,6,,0,0,,0,0,,0,0
66,Budding Expeditioner,2d,MI,1,0,,3,1,,0,0,,0,0,,0,0
67,Blue,2d,MI,1,0,,4,2,,0,0,,0,0,,0,0
68,Leaf,2d,MI,3,1,,9,7,,0,0,,0,0,,0,0
69,Exeggutor,1s,MI,1,0,,0,0,,0,0,,0,0,,0,0
70,Serperior,1s,MI,2,0,,1,0,,0,0,,0,0,,0,0
71,Salandit,1s,MI,2,0,,1,0,,0,0,,0,0,,0,0
72,Vaporeon,1s,MI,1,0,,0,0,,0,0,,0,0,,0,0
73,Dedene,1s,MI,0,0,,5,4,,0,0,,0,0,,0,0
74,Marshadow,1s,MI,0,0,,1,0,,0,0,,0,0,,0,0
75,Celebi ex,2s,MI,0,0,,0,0,,0,0,,0,0,,0,0
76,Gyarados ex,2s,MI,0,0,,0,0,,0,0,,0,0,,0,0
77,Mew ex,2s,MI,0,0,,1,0,,0,0,,0,0,,0,0
78,Aerodactyl ex,2s,MI,0,0,,0,0,,0,0,,0,0,,0,0
79,Pidgeot ex,2s,MI,0,0,,0,0,,0,0,,0,0,,0,0
80,Budding Expeditioner,2s,MI,0,0,,0,0,,0,0,,0,0,,0,0
81,Blue,2s,MI,0,0,,1,0,,0,0,,0,0,,0,0
82,Leaf,2s,MI,0,0,,0,0,,0,0,,0,0,,0,0
83,Mew ex,2s,MI,1,0,,0,0,,0,0,,0,0,,0,0
84,Aerodactyl ex,2s,MI,0,0,,1,0,,0,0,,0,0,,0,0
85,Celebi ex,3s,MI,0,0,,2,1,,0,0,,0,0,,0,0
86,Mew ex,1c,MI,0,0,,0,0,,0,0,,0,0,,0,0
,,,,,,,,,,,,,,,,,
1,Oddish,1d,ST,3,1,,4,2,,0,0,,0,0,,0,0
2,Gloom,1d,ST,2,0,,6,4,,0,0,,0,0,,0,0
3,Bellossom,2d,ST,1,0,,2,1,,0,0,,0,0,,0,0
4,Tangella,1d,ST,4,2,,4,2,,0,0,,0,0,,0,0
5,Tangrowth,2d,ST,3,1,,3,1,,0,0,,0,0,,0,0
6,Yanma,1d,ST,1,0,,3,1,,0,0,,0,0,,0,0
7,Yanmega ex,4d,ST,0,0,,1,0,,0,0,,0,0,,0,0
8,Roselia,1d,ST,5,3,,6,4,,0,0,,0,0,,0,0
9,Roserade,2d,ST,4,2,,3,1,,0,0,,0,0,,0,0
10,Turtwig,1d,ST,2,0,,3,1,,0,0,,0,0,,0,0
11,Grotle,2d,ST,1,0,,4,2,,0,0,,0,0,,0,0
12,Torterra,3d,ST,0,0,,1,0,,0,0,,0,0,,0,0
13,Kricketot,1d,ST,1,0,,2,1,,0,0,,0,0,,0,0
14,Kricketune,1d,ST,2,0,,3,1,,0,0,,0,0,,0,0
15,Burmy,1d,ST,3,1,,4,2,,0,0,,0,0,,0,0
16,Wormadam,1d,ST,5,3,,8,6,,0,0,,0,0,,0,0
17,Combee,1d,ST,4,2,,1,0,,0,0,,0,0,,0,0
18,Vespiquen,2d,ST,2,0,,2,1,,0,0,,0,0,,0,0
19,Carnivine,2d,ST,3,1,,1,0,,0,0,,0,0,,0,0
20,Leafeon,3d,ST,2,0,,0,0,,0,0,,0,0,,0,0
21,Mow Rotom,1d,ST,8,6,,6,4,,0,0,,0,0,,0,0
22,Shaymin,3d,ST,2,0,,1,0,,0,0,,0,0,,0,0
23,Magmar,1d,ST,1,0,,6,0,,0,0,,0,0,,0,0
24,Magmortar,3d,ST,3,1,,1,0,,0,0,,0,0,,0,0
25,Slugma,1d,ST,2,0,,11,9,,0,0,,0,0,,0,0
26,Magcargo,2d,ST,4,2,,6,4,,0,0,,0,0,,0,0
27,Chimchar,1d,ST,2,0,,2,1,,0,0,,0,0,,0,0
28,Monferno,2d,ST,1,0,,0,0,,0,0,,0,0,,0,0
29,Infernape ex,4d,ST,0,0,,2,1,,0,0,,0,0,,0,0
30,Heat Rotom,1d,ST,3,1,,5,3,,0,0,,0,0,,0,0
31,Swinub,1d,ST,4,2,,2,1,,0,0,,0,0,,0,0
32,Piloswine,2d,ST,2,0,,0,0,,0,0,,0,0,,0,0
33,Mamoswine,3d,ST,0,0,,1,0,,0,0,,0,0,,0,0
34,Regice,2d,ST,1,0,,5,3,,0,0,,0,0,,0,0
35,Piplup,1d,ST,1,0,,6,4,,0,0,,0,0,,0,0
36,Prinplup,2d,ST,1,0,,3,1,,0,0,,0,0,,0,0
37,Empoleon,3d,ST,1,0,,0,0,,0,0,,0,0,,0,0
38,Buizel,1d,ST,9,7,,6,4,,0,0,,0,0,,0,0
39,Floatzel,2d,ST,4,2,,5,3,,0,0,,0,0,,0,0
40,Shellos,1d,ST,3,1,,2,0,,0,0,,0,0,,0,0
41,Gastrodon,2d,ST,1,0,,3,0,,0,0,,0,0,,0,0
42,Finneon,1d,ST,6,4,,3,1,,0,0,,0,0,,0,0
43,Lumineon,2d,ST,2,0,,4,2,,0,0,,0,0,,0,0
44,Snover,1d,ST,6,4,,4,2,,0,0,,0,0,,0,0
45,Abomasnow,2d,ST,3,1,,0,0,,0,0,,0,0,,0,0
46,Glaceon,3d,ST,0,0,,1,0,,0,0,,0,0,,0,0
47,Wash Rotom,1d,ST,5,3,,6,4,,0,0,,0,0,,0,0
48,Frost Rotom,1d,ST,4,2,,1,0,,0,0,,0,0,,0,0
49,Palkia ex,4d,ST,1,0,,0,0,,0,0,,0,0,,0,0
50,Manaphy,2d,ST,3,1,,3,1,,0,0,,0,0,,0,0
51,Magnemite,1d,ST,1,0,,8,6,,0,0,,0,0,,0,0
52,Magneton,2d,ST,0,0,,2,1,,0,0,,0,0,,0,0
53,Magnezone,3d,ST,0,0,,1,0,,0,0,,0,0,,0,0
54,Voltorb,1d,ST,7,5,,9,7,,0,0,,0,0,,0,0
55,Electrode,2d,ST,1,0,,7,5,,0,0,,0,0,,0,0
56,Electabuzz,1d,ST,1,0,,3,1,,0,0,,0,0,,0,0
57,Electivire,3d,ST,0,0,,1,0,,0,0,,0,0,,0,0
58,Shinx,1d,ST,1,0,,1,0,,0,0,,0,0,,0,0
59,Luxio,2d,ST,2,0,,1,0,,0,0,,0,0,,0,0
60,Luxray,3d,ST,2,0,,0,0,,0,0,,0,0,,0,0
61,Pachirisu ex,4d,ST,0,0,,0,0,,0,0,,0,0,,0,0
62,Rotom,1d,ST,3,1,,3,0,,0,0,,0,0,,0,0
63,Togepi,1d,ST,3,1,,9,7,,0,0,,0,0,,0,0
64,Togetic,2d,ST,2,0,,3,1,,0,0,,0,0,,0,0
65,Togekiss,3d,ST,0,0,,0,0,,0,0,,0,0,,0,0
66,Misdreavus,1d,ST,1,0,,4,2,,0,0,,0,0,,0,0
67,Mismagius ex,4d,ST,0,0,,0,0,,0,0,,0,0,,0,0
68,Ralts,1d,ST,6,4,,1,0,,0,0,,0,0,,0,0
69,Kirlia,1d,ST,2,0,,6,4,,0,0,,0,0,,0,0
70,Duskull,1d,ST,2,0,,4,2,,0,0,,0,0,,0,0
71,Dusclops,2d,ST,3,1,,1,0,,0,0,,0,0,,0,0
72,Dusknoir,3d,ST,0,0,,2,1,,0,0,,0,0,,0,0
73,Drifloon,1d,ST,3,1,,4,2,,0,0,,0,0,,0,0
74,Drifblim,2d,ST,1,0,,0,0,,0,0,,0,0,,0,0
75,Uxie,2d,ST,4,2,,4,2,,0,0,,0,0,,0,0
76,Mesprit,3d,ST,0,0,,1,0,,0,0,,0,0,,0,0
77,Azelf,2d,ST,1,0,,6,4,,0,0,,0,0,,0,0
78,Giratina,3d,ST,2,0,,1,0,,0,0,,0,0,,0,0
79,Cresselia,3d,ST,0,0,,1,0,,0,0,,0,0,,0,0
80,Rhyhorn,1d,ST,2,0,,5,3,,0,0,,0,0,,0,0
81,Rhydon,2d,ST,1,0,,0,0,,0,0,,0,0,,0,0
82,Rhyperior,3d,ST,1,0,,1,0,,0,0,,0,0,,0,0
83,Gligar,1d,ST,6,4,,1,0,,0,0,,0,0,,0,0
84,Gliscor,2d,ST,3,1,,2,1,,0,0,,0,0,,0,0
85,Hitmonstop,1d,ST,3,1,,2,1,,0,0,,0,0,,0,0
86,Nosepass,1d,ST,4,2,,3,1,,0,0,,0,0,,0,0
87,Regirock,2d,ST,2,0,,4,2,,0,0,,0,0,,0,0
88,Cranidos,2d,ST,1,0,,1,0,,0,0,,0,0,,0,0
89,Rampardos,3d,ST,2,0,,1,0,,0,0,,0,0,,0,0
90,Wormadam,1d,ST,1,0,,1,0,,0,0,,0,0,,0,0
91,Riolu,1d,ST,1,0,,4,2,,0,0,,0,0,,0,0
92,Lucario,3d,ST,2,0,,1,0,,0,0,,0,0,,0,0
93,Hippopotas,1d,ST,0,0,,2,1,,0,0,,0,0,,0,0
94,Hippowdon,2d,ST,1,0,,2,1,,0,0,,0,0,,0,0
95,Gallade ex,4d,ST,0,0,,2,1,,0,0,,0,0,,0,0
96,Murkrow,1d,ST,8,6,,2,1,,0,0,,0,0,,0,0
97,Honchkrow,2d,ST,1,0,,1,0,,0,0,,0,0,,0,0
98,Sneasel,1d,ST,2,0,,3,1,,0,0,,0,0,,0,0
99,Weavile ex,4d,ST,1,0,,2,1,,0,0,,0,0,,0,0
100,Poochyena,1d,ST,5,3,,10,8,,0,0,,0,0,,0,0
101,Mightyena,2d,ST,4,2,,1,0,,0,0,,0,0,,0,0
102,Stunky,1d,ST,2,0,,2,1,,0,0,,0,0,,0,0
103,Skunktank,2d,ST,2,0,,1,0,,0,0,,0,0,,0,0
104,Spiritomb,2d,ST,0,0,,3,1,,0,0,,0,0,,0,0
105,Skorupi,1d,ST,4,2,,5,3,,0,0,,0,0,,0,0
106,Drapion,2d,ST,1,0,,5,3,,0,0,,0,0,,0,0
107,Croagunk,1d,ST,2,0,,0,0,,0,0,,0,0,,0,0
108,Toxicroak,2d,ST,1,0,,2,1,,0,0,,0,0,,0,0
109,Darkrai,3d,ST,0,0,,2,1,,0,0,,0,0,,0,0
110,Darkrai ex,4d,ST,1,0,,1,0,,0,0,,0,0,,0,0
111,Skarmory,2d,ST,2,0,,3,1,,0,0,,0,0,,0,0
112,Registeel,2d,ST,2,0,,3,1,,0,0,,0,0,,0,0
113,Shieldon,2d,ST,4,2,,2,1,,0,0,,0,0,,0,0
114,Bastiodon,3d,ST,1,0,,0,0,,0,0,,0,0,,0,0
115,Wormadam,1d,ST,2,0,,3,1,,0,0,,0,0,,0,0
116,Bronzor,1d,ST,4,2,,2,1,,0,0,,0,0,,0,0
117,Bronzong,2d,ST,1,0,,2,1,,0,0,,0,0,,0,0
118,Probopass,2d,ST,4,2,,6,4,,0,0,,0,0,,0,0
119,Dialga ex,4d,ST,0,0,,0,0,,0,0,,0,0,,0,0
120,Heatran,3d,ST,0,0,,1,0,,0,0,,0,0,,0,0
121,Gible,1d,ST,1,0,,4,2,,0,0,,0,0,,0,0
122,Gabite,2d,ST,1,0,,4,2,,0,0,,0,0,,0,0
123,Garchomp,3d,ST,1,0,,1,0,,0,0,,0,0,,0,0
124,Lickitung,1d,ST,2,0,,1,0,,0,0,,0,0,,0,0
125,Lickilicky ex,4d,ST,0,0,,0,0,,0,0,,0,0,,0,0
126,Eevee,1d,ST,4,2,,3,1,,0,0,,0,0,,0,0
127,Porygon,1d,ST,1,0,,5,3,,0,0,,0,0,,0,0
128,Porygon2,2d,ST,1,0,,2,1,,0,0,,0,0,,0,0
129,Porygon-Z,3d,ST,0,0,,0,0,,0,0,,0,0,,0,0
130,Aipom,1d,ST,5,3,,5,3,,0,0,,0,0,,0,0
131,Ambipom,1d,ST,6,4,,4,2,,0,0,,0,0,,0,0
132,Starly,1d,ST,0,0,,5,3,,0,0,,0,0,,0,0
133,Staravia,1d,ST,2,0,,4,2,,0,0,,0,0,,0,0
134,Staraptor,2d,ST,3,1,,5,3,,0,0,,0,0,,0,0
135,Bidoof,1d,ST,0,0,,2,1,,0,0,,0,0,,0,0
136,Bibarel,1d,ST,4,2,,3,1,,0,0,,0,0,,0,0
137,Buneary,1d,ST,3,1,,2,1,,0,0,,0,0,,0,0
138,Lopunny,1d,ST,1,0,,1,0,,0,0,,0,0,,0,0
139,Glameow,1d,ST,3,1,,1,0,,0,0,,0,0,,0,0
140,Purugly,2d,ST,2,0,,1,0,,0,0,,0,0,,0,0
141,Chatot,1d,ST,0,0,,6,4,,0,0,,0,0,,0,0
142,Fan Rotom,1d,ST,5,3,,7,5,,0,0,,0,0,,0,0
143,Regigigas,3d,ST,2,0,,1,0,,0,0,,0,0,,0,0
144,Skull Fossil,1d,ST,3,1,,5,3,,0,0,,0,0,,0,0
145,Armor Fossil,1d,ST,4,2,,3,1,,0,0,,0,0,,0,0
146,Pokemon Communication,2d,ST,1,0,,0,0,,0,0,,0,0,,0,0
147,Giant Cape,2d,ST,0,0,,0,0,,0,0,,0,0,,0,0
148,Rocky Helmet,2d,ST,1,0,,0,0,,0,0,,0,0,,0,0
149,Lum Berry,2d,ST,0,0,,3,1,,0,0,,0,0,,0,0
150,Cyrus,2d,ST,1,0,,1,0,,0,0,,0,0,,0,0
151,Team Galactic Grunt,2d,ST,1,0,,3,1,,0,0,,0,0,,0,0
152,Cynthia,2d,ST,0,0,,3,1,,0,0,,0,0,,0,0
153,Volkner,2d,ST,2,0,,0,0,,0,0,,0,0,,0,0
154,Dawn,2d,ST,2,0,,1,0,,0,0,,0,0,,0,0
155,Mars,2d,ST,0,0,,2,1,,0,0,,0,0,,0,0
156,Tangrowth,1s,ST,0,0,,1,0,,0,0,,0,0,,0,0
157,Combee,1s,ST,0,0,,1,0,,0,0,,0,0,,0,0
158,Carnivine,1s,ST,1,0,,0,0,,0,0,,0,0,,0,0
159,Shaymin,1s,ST,0,0,,0,0,,0,0,,0,0,,0,0
160,Mamoswine,1s,ST,1,0,,0,0,,0,0,,0,0,,0,0
161,Gastrodon,1s,ST,0,0,,1,1,,0,0,,0,0,,0,0
162,Manaphy,1s,ST,0,0,,0,0,,0,0,,0,0,,0,0
163,Shinx,1s,ST,1,0,,0,0,,0,0,,0,0,,0,0
164,Rotom,1s,ST,0,0,,0,0,,0,0,,0,0,,0,0
165,Drifloon,1s,ST,0,0,,0,0,,0,0,,0,0,,0,0
166,Mesprit,1s,ST,1,0,,1,0,,0,0,,0,0,,0,0
167,Giratina,1s,ST,0,0,,1,0,,0,0,,0,0,,0,0
168,Cresselia,1s,ST,0,0,,2,1,,0,0,,0,0,,0,0
169,Rhyperior,1s,ST,0,0,,0,0,,0,0,,0,0,,0,0
170,Lucario,1s,ST,0,0,,1,0,,0,0,,0,0,,0,0
171,Hippopotas,1s,ST,0,0,,0,0,,0,0,,0,0,,0,0
172,Spiritomb,1s,ST,1,0,,0,0,,0,0,,0,0,,0,0
173,Croagunk,1s,ST,1,0,,0,0,,0,0,,0,0,,0,0
174,Heatran,1s,ST,1,0,,1,0,,0,0,,0,0,,0,0
175,Garchomp,1s,ST,0,0,,1,0,,0,0,,0,0,,0,0
176,Staraptor,1s,ST,0,0,,0,0,,0,0,,0,0,,0,0
177,Bidoof,1s,ST,0,0,,1,0,,0,0,,0,0,,0,0
178,Glameow,1s,ST,0,0,,0,0,,0,0,,0,0,,0,0
179,Regigigas,1s,ST,1,0,,0,0,,0,0,,0,0,,0,0
180,Yanmega ex,2s,ST,0,0,,0,0,,0,0,,0,0,,0,0
181,Infernape ex,2s,ST,0,0,,0,0,,0,0,,0,0,,0,0
182,Palkia ex,2s,ST,0,0,,1,0,,0,0,,0,0,,0,0
183,Pachirisu ex,2s,ST,0,0,,0,0,,0,0,,0,0,,0,0
184,Mismagius ex,2s,ST,0,0,,0,0,,0,0,,0,0,,0,0
185,Gallade ex,2s,ST,0,0,,0,0,,0,0,,0,0,,0,0
186,Weavile ex,2s,ST,0,0,,0,0,,0,0,,0,0,,0,0
187,Darkrai ex,2s,ST,0,0,,0,0,,0,0,,0,0,,0,0
188,Dialga ex,2s,ST,0,0,,0,0,,0,0,,0,0,,0,0
189,Lickilicky ex,2s,ST,0,0,,0,0,,0,0,,0,0,,0,0
190,Cyrus,2s,ST,0,0,,0,0,,0,0,,0,0,,0,0
191,Team Galactic Grunt,2s,ST,0,0,,0,0,,0,0,,0,0,,0,0
192,Cynthia,2s,ST,1,0,,0,0,,0,0,,0,0,,0,0
193,Volkner,2s,ST,0,0,,1,0,,0,0,,0,0,,0,0
194,Dawn,2s,ST,0,0,,0,0,,0,0,,0,0,,0,0
195,Mars,2s,ST,0,0,,0,0,,0,0,,0,0,,0,0
196,Yanmega ex,2s,ST,0,0,,0,0,,0,0,,0,0,,0,0
197,Infernape ex,2s,ST,0,0,,0,0,,0,0,,0,0,,0,0
198,Pachirisu ex,2s,ST,0,0,,0,0,,0,0,,0,0,,0,0
199,Mismagius ex,2s,ST,0,0,,0,0,,0,0,,0,0,,0,0
200,Gallade ex,2s,ST,0,0,,1,0,,0,0,,0,0,,0,0
201,Weavile ex,2s,ST,0,0,,0,0,,0,0,,0,0,,0,0
202,Darkrai ex,2s,ST,0,0,,0,0,,0,0,,0,0,,0,0
203,Lickilicky ex,2s,ST,0,0,,0,0,,0,0,,0,0,,0,0
204,Palkia ex,3s,ST,0,0,,2,1,,0,0,,0,0,,0,0
205,Dialga ex,3s,ST,2,0,,1,0,,0,0,,0,0,,0,0
206,Palkia ex,1c,ST,0,0,,0,0,,0,0,,0,0,,0,0
207,Dialga ex,1c,ST,0,0,,0,0,,0,0,,0,0,,0,0